Username;VowelRatio;ShannonEntropy;length;specialCharRatio;isBot
Adrianna Gleason;0,4375;3,2028;16;0,0625;FALSE
Dale Veum;0,4444;2,9477;9;0,1111;FALSE
Afton Windler;0,3077;3,5466;13;0,0769;FALSE
innhuhnr;0,25;2,1556;8;0;TRUE
kzoanv;0,3333;2,585;6;0;TRUE
Candice Corwin;0,3571;3,182;14;0,0714;FALSE
Kenyatta Klocko;0,3333;3,1899;15;0,0667;FALSE
 djolol;0,2857;2,2359;7;0,1429;TRUE
Tyreek Bogan;0,3333;3,4183;12;0,0833;FALSE
zj;0;1;2;0;TRUE
hopjhtn;0,1429;2,5216;7;0;TRUE
zcfgqsjhu;0,1111;3,1699;9;0;TRUE
Lon Ryan;0,25;2,75;8;0,125;FALSE
Bridgette Cole;0,3571;3,3249;14;0,0714;FALSE
xztu ;0,2;2,3219;5;0,2;TRUE
Anastasia Schmitt;0,3529;2,9398;17;0,0588;FALSE
Adrian Weber;0,4167;3,085;12;0,0833;FALSE
Beulah Walker;0,3846;3,2389;13;0,0769;FALSE
zjpsarxa;0,25;2,75;8;0;TRUE
zugq;0,25;2;4;0;TRUE
Brendan Baumbach;0,3125;3,2806;16;0,0625;FALSE
Jermey Kunde;0,3333;3,1887;12;0,0833;FALSE
Muriel Stokes;0,3846;3,3927;13;0,0769;FALSE
jyligbldkjb;0,0909;2,914;11;0;TRUE
jcifhoogo k;0,3636;3,0272;11;0,0909;TRUE
Keshawn Runolfsdottir;0,2857;3,9161;21;0,0476;FALSE
caxpdnrnu;0,2222;2,9477;9;0;TRUE
nmjn;0;1,5;4;0;TRUE
Ricardo Rolfson;0,3333;3,2729;15;0,0667;FALSE
hm;0;1;2;0;TRUE
Tyreek Bartell;0,2857;3,0391;14;0,0714;FALSE
Cecilia Corwin;0,4286;3,1281;14;0,0714;FALSE
hdqiejppxcp;0,1818;3,0272;11;0;TRUE
zxrloj;0,1667;2,585;6;0;TRUE
Ashlynn Shields;0,2;3,1899;15;0,0667;FALSE
h lzk ;0;2,2516;6;0,3333;TRUE
nk;0;1;2;0;TRUE
pr;0;1;2;0;TRUE
Lorenz Jenkins;0,2857;3,3249;14;0,0714;FALSE
rv m;0;2;4;0,25;TRUE
fo;0,5;1;2;0;TRUE
Alysa Stoltenberg;0,2941;3,4992;17;0,0588;FALSE
Kianna Schmitt;0,2857;3,2359;14;0,0714;FALSE
Camille Powlowski;0,3529;3,4548;17;0,0588;FALSE
hxesf;0,2;2,3219;5;0;TRUE
Elvis Strosin;0,3077;3,1808;13;0,0769;FALSE
Rahsaan Waters;0,3571;2,9502;14;0,0714;FALSE
vhbo;0,25;2;4;0;TRUE
Terrill Kozey;0,3077;3,2389;13;0,0769;FALSE
dengm zdo;0,2222;2,9477;9;0,1111;TRUE
nxirjjt;0,1429;2,5216;7;0;TRUE
vyxiig;0,3333;2,2516;6;0;TRUE
Trent O'Keefe;0,3846;2,9312;13;0,1538;FALSE
gtkiraae;0,5;2,75;8;0;TRUE
Monte Swaniawski;0,375;3,375;16;0,0625;FALSE
 ajeyqo;0,4286;2,8074;7;0,1429;TRUE
znlzholugyt;0,1818;3,0958;11;0;TRUE
hqgdkxoqtx;0,1;2,9219;10;0;TRUE
Letha Kovacek;0,3846;3,2389;13;0,0769;FALSE
Amya Waters;0,3636;3,0272;11;0,0909;FALSE
Brionna Thiel;0,3846;3,3927;13;0,0769;FALSE
Dandre Schroeder;0,3125;3,1085;16;0,0625;FALSE
Destiney McLaughlin;0,3158;3,8269;19;0,0526;FALSE
iukkhehf;0,375;2,5;8;0;TRUE
 tnba;0,2;2,3219;5;0,2;TRUE
fpcaboqrts;0,2;3,3219;10;0;TRUE
Belle Sanford;0,3077;3,3927;13;0,0769;FALSE
vsibakc;0,2857;2,8074;7;0;TRUE
yyb;0;0,9183;3;0;TRUE
ghcsa;0,2;2,3219;5;0;TRUE
Ashleigh Torp;0,3077;3,5466;13;0,0769;FALSE
ll;0;0;2;0;TRUE
c oe;0,5;2;4;0,25;TRUE
 bkgy;0;2,3219;5;0,2;TRUE
Jennifer Daniel;0,4;3,1396;15;0,0667;FALSE
Katrine Lind;0,3333;3,2516;12;0,0833;FALSE
fpr;0;1,585;3;0;TRUE
nze;0,3333;1,585;3;0;TRUE
Halle Adams;0,3636;2,8454;11;0,0909;FALSE
hixqolxy;0,25;2,75;8;0;TRUE
Garrett Hartmann;0,25;2,9835;16;0,0625;FALSE
cbt;0;1,585;3;0;TRUE
 cpihx;0,1667;2,585;6;0,1667;TRUE
Ellis Gorczany;0,2857;3,6645;14;0,0714;FALSE
Alex Simonis;0,4167;3,2516;12;0,0833;FALSE
Hermann Heaney;0,3571;2,8424;14;0,0714;FALSE
Kenneth Schneider;0,2941;3,2195;17;0,0588;FALSE
Domenic Russel;0,3571;3,5216;14;0,0714;FALSE
Cody Bogisich;0,3077;3,2389;13;0,0769;FALSE
Travon Conn;0,2727;2,8454;11;0,0909;FALSE
Sadye Gulgowski;0,3333;3,6402;15;0,0667;FALSE
Chance Hauck;0,3333;2,8554;12;0,0833;FALSE
Arely Huels;0,3636;3,0958;11;0,0909;FALSE
Jennifer Dibbert;0,3125;3,2028;16;0,0625;FALSE
trtqtkbhz;0;2,6416;9;0;TRUE
dv;0;1;2;0;TRUE
in;0,5;1;2;0;TRUE
Dortha Hackett;0,2857;3,182;14;0,0714;FALSE
Stephany Kiehn;0,2857;3,3788;14;0,0714;FALSE
Russel Ward;0,2727;3,0958;11;0,0909;FALSE
 gsrfjmnaco;0,1818;3,4594;11;0,0909;TRUE
Jordi Corwin;0,3333;3,085;12;0,0833;FALSE
Amara Mraz;0,4;2,1219;10;0,1;FALSE
xdqsgnf;0;2,8074;7;0;TRUE
Eleonore Kertzmann;0,3889;3,2391;18;0,0556;FALSE
Sophia Haag;0,4545;2,8454;11;0,0909;FALSE
Quinn Huels;0,3636;3,0958;11;0,0909;FALSE
mpa ebk;0,2857;2,8074;7;0,1429;TRUE
Sarina Jakubowski;0,4118;3,4548;17;0,0588;FALSE
gaiutergb;0,4444;2,9477;9;0;TRUE
Ally Satterfield;0,3125;3,3278;16;0,0625;FALSE
lkruevjdcql;0,1818;3,2776;11;0;TRUE
smmy;0;1,5;4;0;TRUE
Hoyt Klein;0,3;3,3219;10;0,1;FALSE
trxxcv;0;2,2516;6;0;TRUE
nyc ollu xd;0,1818;3,0958;11;0,1818;TRUE
osnsxuh;0,2857;2,5216;7;0;TRUE
mr;0;1;2;0;TRUE
Thalia Zemlak;0,3846;3,1808;13;0,0769;FALSE
Victoria Marquardt;0,3889;3,4194;18;0,0556;FALSE
jxydf;0;2,3219;5;0;TRUE
qd;0;1;2;0;TRUE
nbpmxjhnj;0;2,7255;9;0;TRUE
gj;0;1;2;0;TRUE
fg;0;1;2;0;TRUE
 uplqtunrho;0,2727;3,2776;11;0,0909;TRUE
gsschyndga;0,1;2,9219;10;0;TRUE
Ada O'Connell;0,3846;3,0851;13;0,1538;FALSE
debe mejyq;0,3;2,8464;10;0,1;TRUE
Lily Goyette;0,3333;2,9183;12;0,0833;FALSE
Lois Hermann;0,3333;3,4183;12;0,0833;FALSE
czjlvbq;0;2,8074;7;0;TRUE
Clementine Emmerich;0,3684;3,0708;19;0,0526;FALSE
Estel Barrows;0,3077;3,2389;13;0,0769;FALSE
Athena Hudson;0,3846;3,2389;13;0,0769;FALSE
rdglbysdjdk;0;3,0272;11;0;TRUE
tta;0,3333;0,9183;3;0;TRUE
frc;0;1,585;3;0;TRUE
Linnea Williamson;0,4118;3,1307;17;0,0588;FALSE
Rollin Bednar;0,3077;3,2389;13;0,0769;FALSE
Courtney Auer;0,4615;3,2389;13;0,0769;FALSE
Jackie Von;0,4;3,3219;10;0,1;FALSE
Rosamond Wilkinson;0,3333;3,4194;18;0,0556;FALSE
Kenton Kautzer;0,3571;3,2359;14;0,0714;FALSE
Lilla Daugherty;0,3333;3,4566;15;0,0667;FALSE
brjehraf;0,25;2,75;8;0;TRUE
ax;0,5;1;2;0;TRUE
vnsqaaf;0,2857;2,5216;7;0;TRUE
uxguhsgpfq;0,2;2,9219;10;0;TRUE
Eliane Balistreri;0,4706;3,1751;17;0,0588;FALSE
Winifred Stoltenberg;0,3;3,6842;20;0,05;FALSE
Kraig Weissnat;0,3571;3,3788;14;0,0714;FALSE
bgnfv;0;2,3219;5;0;TRUE
unp;0,3333;1,585;3;0;TRUE
czckkcosmez;0,1818;2,6635;11;0;TRUE
q sp;0;2;4;0,25;TRUE
Hyman Murray;0,25;2,9183;12;0,0833;FALSE
yviahs;0,3333;2,585;6;0;TRUE
gdungqpspe;0,2;2,9219;10;0;TRUE
srxkk be;0,125;2,75;8;0,125;TRUE
Jane Weber;0,4;2,8464;10;0,1;FALSE
tlkvb;0;2,3219;5;0;TRUE
Myra Conroy;0,2727;2,914;11;0,0909;FALSE
Hubert VonRueden;0,375;3,3278;16;0,0625;FALSE
Yasmine Boehm;0,3846;3,3927;13;0,0769;FALSE
dhazvg;0,1667;2,585;6;0;TRUE
Elizabeth Dooley;0,4375;3,4528;16;0,0625;FALSE
Ashton Heathcote;0,375;3,0306;16;0,0625;FALSE
cizxenv;0,2857;2,8074;7;0;TRUE
Victor Kirlin;0,3077;3,1808;13;0,0769;FALSE
rvczbqnc;0;2,75;8;0;TRUE
ym;0;1;2;0;TRUE
Devin Greenfelder;0,3529;3,0516;17;0,0588;FALSE
olpsos;0,3333;1,9183;6;0;TRUE
Erling Gislason;0,3333;3,2402;15;0,0667;FALSE
Katharina Schuster;0,3333;3,4613;18;0,0556;FALSE
f eetsf;0,2857;2,2359;7;0,1429;TRUE
Freddie Hegmann;0,3333;3,3232;15;0,0667;FALSE
Israel Feil;0,4545;2,914;11;0,0909;FALSE
ypxhvrf;0;2,8074;7;0;TRUE
ndjvdufhe;0,2222;2,9477;9;0;TRUE
dtqq;0;1,5;4;0;TRUE
shdbsdmpo;0,1111;2,7255;9;0;TRUE
rupmn;0,2;2,3219;5;0;TRUE
tiugovgca;0,4444;2,9477;9;0;TRUE
g omnx;0,1667;2,585;6;0,1667;TRUE
Bella Pagac;0,3636;2,8454;11;0,0909;FALSE
Reyes Hermiston;0,3333;3,3232;15;0,0667;FALSE
fjuop;0,4;2,3219;5;0;TRUE
jjtoyjrpvl;0,1;2,8464;10;0;TRUE
qxzsdkz;0;2,5216;7;0;TRUE
Orville Schuster;0,3125;3,5;16;0,0625;FALSE
Dena Ruecker;0,4167;3,0221;12;0,0833;FALSE
Lester McKenzie;0,3333;3,3736;15;0,0667;FALSE
Dalton Stoltenberg;0,2778;3,4613;18;0,0556;FALSE
Raoul Wyman;0,3636;3,2776;11;0,0909;FALSE
iyscn geeq;0,3;3,1219;10;0,1;TRUE
Elda Wyman;0,3;3,1219;10;0,1;FALSE
ovycc;0,2;1,9219;5;0;TRUE
ja;0,5;1;2;0;TRUE
dh yiocvhfg;0,1818;3,2776;11;0,0909;TRUE
xvtazcsa t;0,2;2,9219;10;0,1;TRUE
yqrzs prh n;0;3,0958;11;0,1818;TRUE
Deonte Hyatt;0,3333;3,0221;12;0,0833;FALSE
Nova Wyman;0,3;2,9219;10;0,1;FALSE
qydg;0;2;4;0;TRUE
dxxs xx;0;1,6645;7;0,1429;TRUE
asqr;0,25;2;4;0;TRUE
Ebony Roberts;0,3077;3,0851;13;0,0769;FALSE
Rosetta Klein;0,3846;3,3927;13;0,0769;FALSE
oy;0,5;1;2;0;TRUE
xjl;0;1,585;3;0;TRUE
 rssdx;0;2,2516;6;0,1667;TRUE
Elmer Pagac;0,3636;3,0958;11;0,0909;FALSE
czeicnknp;0,2222;2,7255;9;0;TRUE
Dayana Daniel;0,4615;2,7774;13;0,0769;FALSE
dmnx;0;2;4;0;TRUE
xnqqeee ivb;0,3636;2,8454;11;0,0909;TRUE
zppbqut;0,1429;2,5216;7;0;TRUE
y jpm;0;2,3219;5;0,2;TRUE
Ansley Davis;0,3333;3,2516;12;0,0833;FALSE
udaxyylue;0,4444;2,7255;9;0;TRUE
Guillermo Keebler;0,4118;3,2195;17;0,0588;FALSE
idgf txc;0,125;3;8;0,125;TRUE
Bette Luettgen;0,3571;2,6645;14;0,0714;FALSE
Noe Quigley;0,4545;3,2776;11;0,0909;FALSE
ubm;0,3333;1,585;3;0;TRUE
orsivkbcs;0,2222;2,9477;9;0;TRUE
qhp qvrejs;0,1;3,1219;10;0,1;TRUE
xxudiekdqbu;0,3636;2,914;11;0;TRUE
Melyssa Friesen;0,3333;3,2729;15;0,0667;FALSE
gapfoh mv;0,2222;3,1699;9;0,1111;TRUE
Laverne Gerlach;0,3333;3,1899;15;0,0667;FALSE
Marcia Murphy;0,3077;3,2389;13;0,0769;FALSE
Dedrick Wolff;0,2308;3,3927;13;0,0769;FALSE
Santos Jones;0,3333;2,8554;12;0,0833;FALSE
Summer Hegmann;0,2857;3,182;14;0,0714;FALSE
tqmlh;0;2,3219;5;0;TRUE
Dillan Hoppe;0,3333;3,2516;12;0,0833;FALSE
Jayce Wisoky;0,3333;3,4183;12;0,0833;FALSE
uroanroqvb;0,4;2,9219;10;0;TRUE
Oswald Koss;0,2727;2,8454;11;0,0909;FALSE
xfkrek;0,1667;2,2516;6;0;TRUE
ncqcx qjial;0,1818;3,0958;11;0,0909;TRUE
Reid Klocko;0,3636;3,0958;11;0,0909;FALSE
lnrpjc;0;2,585;6;0;TRUE
Kallie Mayert;0,3846;3,2389;13;0,0769;FALSE
vbrrl;0;1,9219;5;0;TRUE
bimdh;0,2;2,3219;5;0;TRUE
hlur;0,25;2;4;0;TRUE
Delbert Rodriguez;0,3529;3,4104;17;0,0588;FALSE
Leora Jenkins;0,3846;3,3927;13;0,0769;FALSE
foro;0,5;1,5;4;0;TRUE
qylgbquo;0,25;2,75;8;0;TRUE
Angela Koelpin;0,4286;3,2359;14;0,0714;FALSE
Camryn Raynor;0,2308;2,8731;13;0,0769;FALSE
ex;0,5;1;2;0;TRUE
Darrin Kuhlman;0,2857;3,3788;14;0,0714;FALSE
ba kjkx;0,1429;2,5216;7;0,1429;TRUE
nzhuszq;0,1429;2,5216;7;0;TRUE
Arvilla Gleason;0,4;3,2729;15;0,0667;FALSE
Cara Stehr;0,3;2,9219;10;0,1;FALSE
jj qtggni;0,1111;2,7255;9;0,1111;TRUE
olcxm;0,2;2,3219;5;0;TRUE
Catherine Strosin;0,3529;3,3816;17;0,0588;FALSE
gnlikp;0,1667;2,585;6;0;TRUE
Arturo Bernhard;0,3333;3,2402;15;0,0667;FALSE
qfjcixxo;0,25;2,75;8;0;TRUE
y g;0;1,585;3;0,3333;TRUE
bksrdsz;0;2,5216;7;0;TRUE
Alessia Walker;0,4286;3,0391;14;0,0714;FALSE
Benedict Douglas;0,375;3,75;16;0,0625;FALSE
Eula Runolfsson;0,4;3,2402;15;0,0667;FALSE
Daren Koss;0,3;3,1219;10;0,1;FALSE
Cory D'Amore;0,3333;3,2516;12;0,1667;FALSE
Marcel Schowalter;0,2941;3,4992;17;0,0588;FALSE
Nakia Rosenbaum;0,4667;3,4566;15;0,0667;FALSE
ep;0,5;1;2;0;TRUE
Katelin Hilll;0,3077;2,9312;13;0,0769;FALSE
Vickie Bayer;0,4167;3,2516;12;0,0833;FALSE
Ayden Dicki;0,3636;3,0958;11;0,0909;FALSE
pf;0;1;2;0;TRUE
Stacey Schumm;0,2308;3,2389;13;0,0769;FALSE
 d;0;1;2;0,5;TRUE
xfurea;0,5;2,585;6;0;TRUE
Rafael Gleason;0,4286;3,182;14;0,0714;FALSE
Kayleigh Terry;0,2857;3,3788;14;0,0714;FALSE
 atgqszr ;0,1111;2,9477;9;0,2222;TRUE
Jeremy Weber;0,3333;2,7516;12;0,0833;FALSE
Christian Carter;0,3125;3,2028;16;0,0625;FALSE
uzlpd;0,2;2,3219;5;0;TRUE
Orlo Wuckert;0,3333;3,2516;12;0,0833;FALSE
Vern Sipes;0,3;2,9219;10;0,1;FALSE
vf;0;1;2;0;TRUE
Celestino Lehner;0,375;3,25;16;0,0625;FALSE
x r;0;1,585;3;0,3333;TRUE
Deon Huel;0,4444;2,9477;9;0,1111;FALSE
ytg;0;1,585;3;0;TRUE
nljst;0;2,3219;5;0;TRUE
deoizruymqj;0,3636;3,4594;11;0;TRUE
Tyree Gulgowski;0,3333;3,6402;15;0,0667;FALSE
habxsckpz;0,1111;3,1699;9;0;TRUE
Grant Feil;0,3;3,3219;10;0,1;FALSE
Hazel Johnston;0,2857;3,3788;14;0,0714;FALSE
Giuseppe Crist;0,3571;3,2359;14;0,0714;FALSE
azjtny;0,1667;2,585;6;0;TRUE
km;0;1;2;0;TRUE
nofqlpf;0,1429;2,5216;7;0;TRUE
qjapyof;0,2857;2,8074;7;0;TRUE
zzj fbh m;0;2,7255;9;0,2222;TRUE
Blair Tillman;0,3077;3,027;13;0,0769;FALSE
ey;0,5;1;2;0;TRUE
hxpjsvsuqo;0,2;3,1219;10;0;TRUE
rqlxg;0;2,3219;5;0;TRUE
Aiden Marquardt;0,4;3,3232;15;0,0667;FALSE
Bria McCullough;0,3333;3,5069;15;0,0667;FALSE
Arely Rohan;0,3636;3,0958;11;0,0909;FALSE
snva;0,25;2;4;0;TRUE
Marcel Waelchi;0,3571;3,2359;14;0,0714;FALSE
vnvvp;0;1,371;5;0;TRUE
Ariane Homenick;0,4667;3,3736;15;0,0667;FALSE
fib ;0,25;2;4;0,25;TRUE
Angus Auer;0,5;2,9219;10;0,1;FALSE
df;0;1;2;0;TRUE
William Morissette;0,3889;3,3502;18;0,0556;FALSE
Joshuah Abbott;0,3571;3,0931;14;0,0714;FALSE
 kuu ;0,4;1,5219;5;0,4;TRUE
ng;0;1;2;0;TRUE
zxhvyic;0,1429;2,8074;7;0;TRUE
Percy Stark;0,1818;3,2776;11;0,0909;FALSE
Gregory Mraz;0,25;3,0221;12;0,0833;FALSE
Ellis McGlynn;0,1538;3,1808;13;0,0769;FALSE
mylbpsgpl;0;2,7255;9;0;TRUE
Duane Russel;0,4167;3,085;12;0,0833;FALSE
dfvnzdzdl;0;2,4194;9;0;TRUE
fo o;0,5;1,5;4;0,25;TRUE
Daniella Kihn;0,3846;3,0851;13;0,0769;FALSE
umfqbcl;0,1429;2,8074;7;0;TRUE
Charley Swift;0,2308;3,7004;13;0,0769;FALSE
qnr;0;1,585;3;0;TRUE
Wilford Runolfsson;0,2778;3,3502;18;0,0556;FALSE
ubjpsuoa;0,5;2,75;8;0;TRUE
fpkao bi jh;0,2727;3,2776;11;0,1818;TRUE
Jasmin Ruecker;0,3571;3,5216;14;0,0714;FALSE
kirym mvag;0,2;3,1219;10;0,1;TRUE
Arvid Dickinson;0,3333;3,3232;15;0,0667;FALSE
Hank Kling;0,2;2,9219;10;0,1;FALSE
Leta Zieme;0,5;2,8464;10;0,1;FALSE
tdbkntz;0;2,5216;7;0;TRUE
Paul Yost;0,3333;3,1699;9;0,1111;FALSE
Alene Yost;0,4;3,1219;10;0,1;FALSE
rehucsrst;0,2222;2,7255;9;0;TRUE
qpmsgyjuu;0,2222;2,9477;9;0;TRUE
Yvonne Hyatt;0,25;3,085;12;0,0833;FALSE
Armand Anderson;0,3333;3,0062;15;0,0667;FALSE
Lizzie Reinger;0,4286;2,8424;14;0,0714;FALSE
Stephen Ziemann;0,3333;3,2729;15;0,0667;FALSE
cbksddmd;0;2,4056;8;0;TRUE
fzlfv;0;1,9219;5;0;TRUE
Macie Nienow;0,5;3,085;12;0,0833;FALSE
Leopoldo Hermiston;0,3889;3,5033;18;0,0556;FALSE
Norbert Moore;0,3846;2,8151;13;0,0769;FALSE
zpo;0,3333;1,585;3;0;TRUE
ygvbe;0,2;2,3219;5;0;TRUE
xvvalamc ;0,2222;2,7255;9;0,1111;TRUE
uoxghz;0,3333;2,585;6;0;TRUE
Albertha Reynolds;0,2941;3,6169;17;0,0588;FALSE
sqshse ;0,1429;2,1281;7;0,1429;TRUE
 lb;0;1,585;3;0,3333;TRUE
Trey Altenwerth;0,2667;3,1396;15;0,0667;FALSE
Roxane Renner;0,3846;2,6032;13;0,0769;FALSE
ehvib;0,4;2,3219;5;0;TRUE
xn;0;1;2;0;TRUE
Haleigh Kuvalis;0,4;3,3736;15;0,0667;FALSE
feh;0,3333;1,585;3;0;TRUE
ut;0,5;1;2;0;TRUE
Nash Strosin;0,25;3,0221;12;0,0833;FALSE
vhcdnqvoj;0,1111;2,9477;9;0;TRUE
Alphonso Hessel;0,3333;3,0566;15;0,0667;FALSE
bzb;0;0,9183;3;0;TRUE
Zora Reichel;0,4167;3,2516;12;0,0833;FALSE
crqqdkiqt;0,1111;2,6416;9;0;TRUE
t pkizz;0,1429;2,5216;7;0,1429;TRUE
zkhpvz;0;2,2516;6;0;TRUE
ezjq;0,25;2;4;0;TRUE
jerhjplv ;0,1111;2,9477;9;0,1111;TRUE
uhcs ;0,2;2,3219;5;0,2;TRUE
Jaylan Nienow;0,3846;3,1808;13;0,0769;FALSE
Grayson Bartell;0,2667;3,5069;15;0,0667;FALSE
fflsiazkc;0,2222;2,9477;9;0;TRUE
Aimee Hilpert;0,4615;3,1808;13;0,0769;FALSE
uyyb;0,25;1,5;4;0;TRUE
c aayaxde;0,4444;2,6416;9;0,1111;TRUE
hdgdxqckj;0;2,9477;9;0;TRUE
Thelma Christiansen;0,3158;3,5111;19;0,0526;FALSE
Stan Little;0,2727;2,8454;11;0,0909;FALSE
vxpv;0;1,5;4;0;TRUE
Gunner Roberts;0,2857;3,182;14;0,0714;FALSE
Kylee Hagenes;0,3846;3,0851;13;0,0769;FALSE
Elinor Kunde;0,4167;3,2516;12;0,0833;FALSE
Oliver Shields;0,3571;3,2359;14;0,0714;FALSE
Willow McCullough;0,2941;3,1463;17;0,0588;FALSE
Adrianna Turner;0,4;2,9559;15;0,0667;FALSE
Amos Pouros;0,4545;2,8454;11;0,0909;FALSE
rnouv;0,4;2,3219;5;0;TRUE
Adrienne Larkin;0,4;3,0566;15;0,0667;FALSE
tpfmjvcy;0;3;8;0;TRUE
zrqza ;0,1667;2,2516;6;0,1667;TRUE
Kara Nikolaus;0,4615;3,1808;13;0,0769;FALSE
Aracely Huels;0,3846;3,2389;13;0,0769;FALSE
 l;0;1;2;0,5;TRUE
Casey Bradtke;0,3077;3,3927;13;0,0769;FALSE
zznm frsafh;0,0909;3,0958;11;0,0909;TRUE
Lorenza Hackett;0,3333;3,5069;15;0,0667;FALSE
lzpve;0,2;2,3219;5;0;TRUE
Lila Gutmann;0,3333;3,085;12;0,0833;FALSE
lcirli;0,3333;1,9183;6;0;TRUE
fsmrvuseoxy;0,2727;3,2776;11;0;TRUE
Arnoldo Gutkowski;0,3529;3,6901;17;0,0588;FALSE
Vernon Haley;0,3333;3,2516;12;0,0833;FALSE
qolf cqb of;0,1818;2,7322;11;0,1818;TRUE
hafgcvty;0,125;3;8;0;TRUE
Micah Blanda;0,3333;3,1887;12;0,0833;FALSE
Archibald Hickle;0,3125;3,375;16;0,0625;FALSE
horzdqepzue;0,3636;3,0958;11;0;TRUE
Birdie Auer;0,5455;2,914;11;0,0909;FALSE
pm;0;1;2;0;TRUE
Brenda White;0,3333;3,4183;12;0,0833;FALSE
Therese Hayes;0,3846;2,7774;13;0,0769;FALSE
Flavio Beahan;0,4615;3,3347;13;0,0769;FALSE
osbphkdo;0,25;2,75;8;0;TRUE
dyhuko;0,3333;2,585;6;0;TRUE
Karlie Adams;0,4167;3,1887;12;0,0833;FALSE
Esteban Wyman;0,3077;3,2389;13;0,0769;FALSE
jh tcq;0;2,585;6;0,1667;TRUE
Alena O'Keefe;0,5385;2,9312;13;0,1538;FALSE
t uo;0,5;2;4;0,25;TRUE
vpfcvuhfop;0,2;2,7219;10;0;TRUE
Moses Padberg;0,3077;3,3927;13;0,0769;FALSE
Floy Yundt;0,2;3,1219;10;0,1;FALSE
Marcelo Fahey;0,3846;3,3927;13;0,0769;FALSE
tynrovoafvy;0,2727;2,914;11;0;TRUE
Earnest Jacobs;0,3571;3,3788;14;0,0714;FALSE
Nayeli Ebert;0,4167;3,1887;12;0,0833;FALSE
German West;0,2727;3,2776;11;0,0909;FALSE
Sunny Abernathy;0,2667;3,3232;15;0,0667;FALSE
Steve Herman;0,3333;3,1887;12;0,0833;FALSE
lnpbf;0;2,3219;5;0;TRUE
hfo;0,3333;1,585;3;0;TRUE
Chesley Hilll;0,2308;2,7774;13;0,0769;FALSE
Dawson Lang;0,2727;3,0958;11;0,0909;FALSE
German Reinger;0,3571;2,8424;14;0,0714;FALSE
Deon Fisher;0,3636;3,2776;11;0,0909;FALSE
red;0,3333;1,585;3;0;TRUE
 kujrllid;0,2222;2,9477;9;0,1111;TRUE
nqknqby;0;2,2359;7;0;TRUE
bfjokxi;0,2857;2,8074;7;0;TRUE
Eula Veum;0,5556;2,7255;9;0,1111;FALSE
Trisha Walker;0,3077;3,3927;13;0,0769;FALSE
Stephany Herzog;0,2667;3,6402;15;0,0667;FALSE
yzzblf c;0;2,75;8;0,125;TRUE
Dianna Prohaska;0,4;3,2402;15;0,0667;FALSE
nfbjezrtb;0,1111;2,9477;9;0;TRUE
lmiz;0,25;2;4;0;TRUE
lqpaoungp;0,3333;2,9477;9;0;TRUE
Ena Doyle;0,4444;2,9477;9;0,1111;FALSE
Mireya Carroll;0,3571;3,182;14;0,0714;FALSE
dfefsnuqkjg;0,1818;3,2776;11;0;TRUE
Rodrick Pacocha;0,3333;3,1899;15;0,0667;FALSE
rnaueq;0,5;2,585;6;0;TRUE
gsdjt;0;2,3219;5;0;TRUE
Jason Gibson;0,3333;3,085;12;0,0833;FALSE
xqbabhkpouf;0,2727;3,2776;11;0;TRUE
Sheldon Gleason;0,3333;3,2402;15;0,0667;FALSE
Reid Fahey;0,4;3,1219;10;0,1;FALSE
vnpt gc;0;2,8074;7;0,1429;TRUE
Delphia Cruickshank;0,3158;3,7216;19;0,0526;FALSE
Tiffany Lynch;0,1538;3,2389;13;0,0769;FALSE
Adaline Little;0,4286;2,8963;14;0,0714;FALSE
rdojonxla;0,3333;2,9477;9;0;TRUE
napuqqqsymk;0,1818;3,0272;11;0;TRUE
Monte Quitzon;0,3846;3,2389;13;0,0769;FALSE
Dante Cronin;0,3333;3,1887;12;0,0833;FALSE
Fabian Dibbert;0,3571;3,182;14;0,0714;FALSE
ncth;0;2;4;0;TRUE
Haylee Konopelski;0,4118;3,4548;17;0,0588;FALSE
Giovanny Johnson;0,3125;3,2028;16;0,0625;FALSE
Morris Runolfsdottir;0,3;3,3842;20;0,05;FALSE
otynlarp;0,25;3;8;0;TRUE
Casandra Goyette;0,375;3,4528;16;0,0625;FALSE
Kenneth Rogahn;0,2857;3,182;14;0,0714;FALSE
noujakxtyb;0,3;3,3219;10;0;TRUE
qoo v;0,4;1,9219;5;0,2;TRUE
khcmueyx ;0,2222;3,1699;9;0,1111;TRUE
cexysgtdo;0,2222;3,1699;9;0;TRUE
yfr;0;1,585;3;0;TRUE
qzrzcpdj m;0;3,1219;10;0,1;TRUE
Jaden Parker;0,3333;3,085;12;0,0833;FALSE
Demarco Lindgren;0,3125;3,5;16;0,0625;FALSE
Germaine Leffler;0,375;3,125;16;0,0625;FALSE
Kelsie Medhurst;0,3333;3,4566;15;0,0667;FALSE
Brooks Kuhn;0,2727;3,0958;11;0,0909;FALSE
Ernesto Barton;0,3571;3,0931;14;0,0714;FALSE
Dallas Volkman;0,2857;3,1281;14;0,0714;FALSE
Rachel Bashirian;0,375;3,3278;16;0,0625;FALSE
 zbucxa;0,2857;2,8074;7;0,1429;TRUE
ltpmzghkxx;0;3,1219;10;0;TRUE
Alexandre Jacobson;0,3889;3,5724;18;0,0556;FALSE
bgtop;0,2;2,3219;5;0;TRUE
ag;0,5;1;2;0;TRUE
tnmogn;0,1667;2,2516;6;0;TRUE
Delpha Goyette;0,3571;3,3249;14;0,0714;FALSE
 nbs;0;2;4;0,25;TRUE
vkycgnpphb;0;3,1219;10;0;TRUE
kxmuruov;0,375;2,75;8;0;TRUE
Brandon Runte;0,3077;3,1808;13;0,0769;FALSE
Antonette Hermiston;0,3684;3,2211;19;0,0526;FALSE
cpuuy z;0,2857;2,5216;7;0,1429;TRUE
Giovani Stroman;0,4;3,3736;15;0,0667;FALSE
Margot Hessel;0,3077;3,3927;13;0,0769;FALSE
Sidney Kihn;0,2727;3,0958;11;0,0909;FALSE
Hershel Hamill;0,2857;2,9852;14;0,0714;FALSE
kphytp;0;2,2516;6;0;TRUE
Malvina West;0,3333;3,4183;12;0,0833;FALSE
rqq;0;0,9183;3;0;TRUE
imx qevr;0,25;3;8;0,125;TRUE
Myron Stokes;0,25;3,2516;12;0,0833;FALSE
Chandler Davis;0,2857;3,5216;14;0,0714;FALSE
h c;0;1,585;3;0,3333;TRUE
erinb;0,4;2,3219;5;0;TRUE
xvjbhy;0;2,585;6;0;TRUE
zzv;0;0,9183;3;0;TRUE
Lottie Kunze;0,4167;3,2516;12;0,0833;FALSE
Arnold McKenzie;0,3333;3,6402;15;0,0667;FALSE
Aryanna Wolf;0,3333;3,0221;12;0,0833;FALSE
lqmvqnl;0;2,2359;7;0;TRUE
pfqkuggf;0,125;2,5;8;0;TRUE
tmleqxgry;0,1111;3,1699;9;0;TRUE
Earnestine Fay;0,4286;3,182;14;0,0714;FALSE
m vsslo;0,1429;2,5216;7;0,1429;TRUE
th  i;0,2;1,9219;5;0,4;TRUE
smxy;0;2;4;0;TRUE
gp;0;1;2;0;TRUE
Dean Gutkowski;0,3571;3,6645;14;0,0714;FALSE
Giles Bins;0,3;2,9219;10;0,1;FALSE
oph;0,3333;1,585;3;0;TRUE
Bernita Prohaska;0,375;3,5778;16;0,0625;FALSE
tmntdznnu;0,1111;2,4194;9;0;TRUE
exdy ce;0,2857;2,5216;7;0,1429;TRUE
vm dkyyz;0;2,75;8;0,125;TRUE
Ubaldo Fay;0,4;3,1219;10;0,1;FALSE
Clara Brakus;0,3333;3,0221;12;0,0833;FALSE
Anabelle Beer;0,4615;2,6235;13;0,0769;FALSE
dtygeujh;0,25;3;8;0;TRUE
Fannie Jerde;0,4167;3,0221;12;0,0833;FALSE
iipklpi;0,4286;1,8424;7;0;TRUE
fsdijlcyysr;0,0909;3,0958;11;0;TRUE
tn;0;1;2;0;TRUE
Melyssa Gerlach;0,2667;3,3736;15;0,0667;FALSE
Roma Ondricka;0,3846;3,2389;13;0,0769;FALSE
fjfbagfvbmp;0,0909;2,8454;11;0;TRUE
u hpiochly;0,3;3,1219;10;0,1;TRUE
Bethel Funk;0,2727;3,2776;11;0,0909;FALSE
Sabryna Vandervort;0,2778;3,4194;18;0,0556;FALSE
fqixd;0,2;2,3219;5;0;TRUE
Titus Ryan;0,3;3,1219;10;0,1;FALSE
ygggd;0;1,371;5;0;TRUE
nxmavo;0,3333;2,585;6;0;TRUE
Lennie Dare;0,4545;2,8454;11;0,0909;FALSE
vpqpkptbm;0;2,6416;9;0;TRUE
vdqg;0;2;4;0;TRUE
Lavern Abbott;0,3077;3,2389;13;0,0769;FALSE
Kenna Vandervort;0,3125;3,2028;16;0,0625;FALSE
zbm tibq;0,125;2,75;8;0,125;TRUE
dddznqy;0;2,1281;7;0;TRUE
fofbh;0,2;1,9219;5;0;TRUE
ihget ;0,3333;2,585;6;0,1667;TRUE
Karson Zieme;0,4167;3,4183;12;0,0833;FALSE
Margarete Breitenberg;0,381;3,0776;21;0,0476;FALSE
lzbpmakqou;0,3;3,3219;10;0;TRUE
Lon Robel;0,3333;2,7255;9;0,1111;FALSE
bvngvdqimqf;0,0909;3,0958;11;0;TRUE
Kirk Kling;0,2;2,6464;10;0,1;FALSE
yteyf;0,2;1,9219;5;0;TRUE
Magdalena Bernhard;0,3333;3,281;18;0,0556;FALSE
bx;0;1;2;0;TRUE
rlntup;0,1667;2,585;6;0;TRUE
erqb;0,25;2;4;0;TRUE
qgogab;0,3333;2,2516;6;0;TRUE
egv;0,3333;1,585;3;0;TRUE
Rico Quitzon;0,4167;3,2516;12;0,0833;FALSE
zcabpq;0,1667;2,585;6;0;TRUE
Madisyn Corkery;0,2667;3,6402;15;0,0667;FALSE
Sibyl Muller;0,25;3,1887;12;0,0833;FALSE
Irma Rutherford;0,3333;3,3736;15;0,0667;FALSE
Ruth Runte;0,3;2,7219;10;0,1;FALSE
Wallace Lind;0,3333;3,0221;12;0,0833;FALSE
Scarlett Ullrich;0,25;3,3278;16;0,0625;FALSE
Malcolm Kessler;0,2667;3,1899;15;0,0667;FALSE
Grayson Berge;0,3077;3,2389;13;0,0769;FALSE
fksc ;0;2,3219;5;0,2;TRUE
bicc;0,25;1,5;4;0;TRUE
Ricardo Yost;0,3333;3,2516;12;0,0833;FALSE
Merlin Will;0,2727;2,8454;11;0,0909;FALSE
Joan Bogisich;0,3846;3,3927;13;0,0769;FALSE
czvkbv rubv;0,0909;2,8454;11;0,0909;TRUE
ldqujlxd;0,125;2,5;8;0;TRUE
gelz;0,25;2;4;0;TRUE
tzln fzo;0,125;2,75;8;0,125;TRUE
Pascale Murray;0,3571;3,3249;14;0,0714;FALSE
xuhllgheml;0,2;2,6464;10;0;TRUE
kkv;0;0,9183;3;0;TRUE
Estel Tromp;0,2727;3,0958;11;0,0909;FALSE
Eula Carroll;0,4167;2,8554;12;0,0833;FALSE
vahqcamcq;0,2222;2,5033;9;0;TRUE
Pink Price;0,3;2,9219;10;0,1;FALSE
gyyrdn;0;2,2516;6;0;TRUE
Eldora Will;0,3636;3,0272;11;0,0909;FALSE
Janessa Bahringer;0,3529;3,3372;17;0,0588;FALSE
Billie Wehner;0,3846;3,027;13;0,0769;FALSE
zriz;0,25;1,5;4;0;TRUE
lepakd;0,3333;2,585;6;0;TRUE
Eunice Bernier;0,5;2,8074;14;0,0714;FALSE
Jordi Breitenberg;0,3529;3,2928;17;0,0588;FALSE
Bud Predovic;0,3333;3,4183;12;0,0833;FALSE
loeajfx;0,4286;2,8074;7;0;TRUE
Bailey Pagac;0,4167;3,1887;12;0,0833;FALSE
Scarlett Homenick;0,2941;3,7345;17;0,0588;FALSE
fabceqrtdp;0,2;3,3219;10;0;TRUE
Mohamed Schaefer;0,375;3,3278;16;0,0625;FALSE
Shea Conroy;0,3636;3,2776;11;0,0909;FALSE
ubytkdeya;0,3333;2,9477;9;0;TRUE
Jimmie Oberbrunner;0,3889;3,1972;18;0,0556;FALSE
Ephraim Ankunding;0,3529;3,5725;17;0,0588;FALSE
ktgzghkk;0;2,1556;8;0;TRUE
Royal Runolfsdottir;0,3158;3,5369;19;0,0526;FALSE
Issac Mayer;0,3636;3,0958;11;0,0909;FALSE
yvio o;0,5;2,2516;6;0,1667;TRUE
Louie Smith;0,4545;3,2776;11;0,0909;FALSE
bhjk;0;2;4;0;TRUE
Althea Pacocha;0,4286;2,9502;14;0,0714;FALSE
Lilla Schuppe;0,3077;3,1808;13;0,0769;FALSE
Golda Ziemann;0,3846;3,3927;13;0,0769;FALSE
Christopher Schumm;0,2222;3,4613;18;0,0556;FALSE
Darwin Lind;0,2727;2,914;11;0,0909;FALSE
Muriel Shields;0,3571;3,2359;14;0,0714;FALSE
Katelin Steuber;0,4;3,4566;15;0,0667;FALSE
uusfbm gkxm;0,1818;3,0958;11;0,0909;TRUE
jym;0;1,585;3;0;TRUE
Estevan Hegmann;0,3333;3,1396;15;0,0667;FALSE
yk;0;1;2;0;TRUE
Jacquelyn MacGyver;0,2778;3,7255;18;0,0556;FALSE
siqpxciqh;0,2222;2,7255;9;0;TRUE
zh;0;1;2;0;TRUE
ckjvcfhbgr;0;3,1219;10;0;TRUE
Moshe Ledner;0,3333;3,1887;12;0,0833;FALSE
fzv h;0;2,3219;5;0,2;TRUE
ifb;0,3333;1,585;3;0;TRUE
Kyra Davis;0,3;3,1219;10;0,1;FALSE
lobcsbetcd;0,2;2,9219;10;0;TRUE
Etha Schimmel;0,3077;3,2389;13;0,0769;FALSE
kz;0;1;2;0;TRUE
Cindy Swift;0,1818;3,2776;11;0,0909;FALSE
Tyrese Rau;0,4;2,9219;10;0,1;FALSE
Garfield Moore;0,4286;3,3788;14;0,0714;FALSE
Heber Huels;0,3636;2,8454;11;0,0909;FALSE
Vivien Brakus;0,3846;3,3927;13;0,0769;FALSE
Johnny Renner;0,2308;2,7774;13;0,0769;FALSE
Lucio Wyman;0,3636;3,4594;11;0,0909;FALSE
qldhbs;0;2,585;6;0;TRUE
vqs;0;1,585;3;0;TRUE
obc;0,3333;1,585;3;0;TRUE
Myrna Predovic;0,2857;3,6645;14;0,0714;FALSE
xeect;0,4;1,9219;5;0;TRUE
xvsongih;0,25;3;8;0;TRUE
hcp;0;1,585;3;0;TRUE
agdyy;0,2;1,9219;5;0;TRUE
msl;0;1,585;3;0;TRUE
Reed Feeney;0,4545;2,404;11;0,0909;FALSE
 elhvve;0,2857;2,2359;7;0,1429;TRUE
Sunny Farrell;0,2308;3,2389;13;0,0769;FALSE
kiyghupkv;0,2222;2,9477;9;0;TRUE
oomptjyqa;0,3333;2,9477;9;0;TRUE
uqo r;0,4;2,3219;5;0,2;TRUE
Garett Runolfsson;0,2941;3,4992;17;0,0588;FALSE
x xktyunyc;0,1;2,9219;10;0,1;TRUE
lapg;0,25;2;4;0;TRUE
Osborne Schinner;0,3125;3,2028;16;0,0625;FALSE
Maximilian Aufderhar;0,45;3,4842;20;0,05;FALSE
rsdobm;0,1667;2,585;6;0;TRUE
Meagan Fahey;0,4167;3,0221;12;0,0833;FALSE
Ernestine Anderson;0,3889;3,0588;18;0,0556;FALSE
qevfkufxiil;0,3636;3,0958;11;0;TRUE
vhnnl;0;1,9219;5;0;TRUE
Gus Koepp;0,3333;2,9477;9;0,1111;FALSE
hika;0,5;2;4;0;TRUE
cxosm;0,2;2,3219;5;0;TRUE
Tanya McClure;0,3077;3,3927;13;0,0769;FALSE
Nikki Pouros;0,4167;3,085;12;0,0833;FALSE
rbl;0;1,585;3;0;TRUE
gaknvi;0,3333;2,585;6;0;TRUE
syfxntjo;0,125;3;8;0;TRUE
jxe kbf;0,1429;2,8074;7;0,1429;TRUE
Janiya Feil;0,4545;3,0958;11;0,0909;FALSE
lfj;0;1,585;3;0;TRUE
hbq;0;1,585;3;0;TRUE
gouegz;0,5;2,2516;6;0;TRUE
Nelson Jacobson;0,3333;3,1396;15;0,0667;FALSE
Manuel Bernhard;0,3333;3,3736;15;0,0667;FALSE
Eloisa Friesen;0,5;3,182;14;0,0714;FALSE
lluzonfz;0,25;2,5;8;0;TRUE
hhhve;0,2;1,371;5;0;TRUE
xefx nsefez;0,2727;2,6635;11;0,0909;TRUE
Dustin Olson;0,3333;3,085;12;0,0833;FALSE
Lucie Batz;0,4;3,3219;10;0,1;FALSE
Jadyn Lowe;0,3;3,3219;10;0,1;FALSE
yldnvma;0,1429;2,8074;7;0;TRUE
Kane Pouros;0,4545;3,2776;11;0,0909;FALSE
Sincere Sanford;0,3333;3,3736;15;0,0667;FALSE
mj;0;1;2;0;TRUE
Fay Jacobi;0,4;3,1219;10;0,1;FALSE
Paolo Zboncak;0,3846;3,1808;13;0,0769;FALSE
gahfrj;0,1667;2,585;6;0;TRUE
Darlene Shields;0,3333;3,1899;15;0,0667;FALSE
lv;0;1;2;0;TRUE
pjahky ;0,1429;2,8074;7;0,1429;TRUE
Lambert Boyer;0,3077;3,2389;13;0,0769;FALSE
muj;0,3333;1,585;3;0;TRUE
ehzfpszzgh;0,1;2,6464;10;0;TRUE
 lxmsnjqh;0;3,1699;9;0,1111;TRUE
Spencer Jacobson;0,3125;3,375;16;0,0625;FALSE
gxftonbt;0,125;2,75;8;0;TRUE
Lauriane Miller;0,4667;3,0566;15;0,0667;FALSE
Lyla Johns;0,2;3,1219;10;0,1;FALSE
Gaetano Lubowitz;0,4375;3,625;16;0,0625;FALSE
Rudy Lowe;0,3333;3,1699;9;0,1111;FALSE
Naomi Stroman;0,3846;3,0851;13;0,0769;FALSE
gkpmcdsud;0,1111;2,9477;9;0;TRUE
 qvyl;0;2,3219;5;0,2;TRUE
gxxlnhy kt;0;3,1219;10;0,1;TRUE
eetdyz;0,3333;2,2516;6;0;TRUE
Waylon Bailey;0,3846;3,2389;13;0,0769;FALSE
 ilnklcyu;0,2222;2,9477;9;0,1111;TRUE
tvkcxxpoi;0,2222;2,9477;9;0;TRUE
iuurqfx;0,4286;2,5216;7;0;TRUE
Matteo Howe;0,4545;2,914;11;0,0909;FALSE
u vvfzzcio;0,3;2,9219;10;0,1;TRUE
Wilhelmine Wehner;0,3529;3,0286;17;0,0588;FALSE
qajlo;0,4;2,3219;5;0;TRUE
Eduardo Deckow;0,4286;3,182;14;0,0714;FALSE
Demond Schmitt;0,2143;3,3788;14;0,0714;FALSE
lgggkaeshbp;0,1818;3,0272;11;0;TRUE
tmnhd;0;2,3219;5;0;TRUE
Sofia O'Connell;0,4;3,3232;15;0,1333;FALSE
dsfzx;0;2,3219;5;0;TRUE
Twila Hahn;0,3;2,9219;10;0,1;FALSE
Ruthie Beer;0,4545;2,8454;11;0,0909;FALSE
Stephan Graham;0,2857;3,3249;14;0,0714;FALSE
Maegan Prohaska;0,4;3,3736;15;0,0667;FALSE
 csakt;0,1667;2,585;6;0,1667;TRUE
Skye Berge;0,3;2,8464;10;0,1;FALSE
lyur;0,25;2;4;0;TRUE
ehiggvz;0,2857;2,5216;7;0;TRUE
sutrknpbi;0,2222;3,1699;9;0;TRUE
Brock Watsica;0,3077;3,3927;13;0,0769;FALSE
boqpx;0,2;2,3219;5;0;TRUE
ps;0;1;2;0;TRUE
Marty Pacocha;0,3077;3,1808;13;0,0769;FALSE
Adrien Ernser;0,3846;2,8151;13;0,0769;FALSE
uyhsllsrk;0,1111;2,7255;9;0;TRUE
Sterling Wyman;0,2143;3,6645;14;0,0714;FALSE
Keely Kutch;0,2727;3,0958;11;0,0909;FALSE
Hugh Macejkovic;0,3333;3,6402;15;0,0667;FALSE
Turner Terry;0,25;2,585;12;0,0833;FALSE
vboel pr;0,25;3;8;0,125;TRUE
ypkciqcmxqm;0,0909;2,914;11;0;TRUE
dhlgq;0;2,3219;5;0;TRUE
Mariela Williamson;0,4444;3,2663;18;0,0556;FALSE
Pansy Ruecker;0,3077;3,3927;13;0,0769;FALSE
Dena Mosciski;0,3846;3,3927;13;0,0769;FALSE
Marlee Dare;0,4545;2,6635;11;0,0909;FALSE
Consuelo Tromp;0,3571;3,4677;14;0,0714;FALSE
Armando Reynolds;0,3125;3,375;16;0,0625;FALSE
Cecile Kautzer;0,4286;3,3249;14;0,0714;FALSE
Shyann Ziemann;0,2857;3,0931;14;0,0714;FALSE
meymcal;0,2857;2,5216;7;0;TRUE
Dan Aufderhar;0,3846;3,027;13;0,0769;FALSE
lvkgj;0;2,3219;5;0;TRUE
aique;0,8;2,3219;5;0;TRUE
Katlynn Hettinger;0,2353;3,4104;17;0,0588;FALSE
eqpxsqc;0,1429;2,5216;7;0;TRUE
l rovtl   ;0,1;2,3219;10;0,4;TRUE
Celia Kozey;0,4545;3,2776;11;0,0909;FALSE
Bettie Huels;0,4167;3,0221;12;0,0833;FALSE
Doyle Reichel;0,3846;3,1808;13;0,0769;FALSE
qa ;0,3333;1,585;3;0,3333;TRUE
Buford Nikolaus;0,4;3,6402;15;0,0667;FALSE
Romaine Kris;0,4167;3,2516;12;0,0833;FALSE
l stlkuz;0,125;2,75;8;0,125;TRUE
qsn itgnji;0,2;2,9219;10;0,1;TRUE
Ocie Brekke;0,4545;2,8454;11;0,0909;FALSE
Leonor Howell;0,3846;2,8151;13;0,0769;FALSE
mvefako;0,4286;2,8074;7;0;TRUE
zon;0,3333;1,585;3;0;TRUE
Arch Larkin;0,2727;3,0958;11;0,0909;FALSE
Waldo Emard;0,3636;3,0958;11;0,0909;FALSE
Mariane Keebler;0,4667;3,1069;15;0,0667;FALSE
kxcg;0;2;4;0;TRUE
Kailee Little;0,4615;2,6612;13;0,0769;FALSE
Adolfo Lowe;0,4545;2,8454;11;0,0909;FALSE
ejqpavcjjp;0,2;2,6464;10;0;TRUE
 z jn;0;1,9219;5;0,4;TRUE
Stacy Fadel;0,2727;3,2776;11;0,0909;FALSE
tmrcvi;0,1667;2,585;6;0;TRUE
hutdqgfud;0,2222;2,7255;9;0;TRUE
xnxbaiv;0,2857;2,5216;7;0;TRUE
Odell Rogahn;0,3333;3,2516;12;0,0833;FALSE
Sigrid Bauch;0,3333;3,4183;12;0,0833;FALSE
xga;0,3333;1,585;3;0;TRUE
Ramiro Hermiston;0,375;3,3278;16;0,0625;FALSE
ees t;0,4;1,9219;5;0,2;TRUE
cietgp;0,3333;2,585;6;0;TRUE
ix ;0,3333;1,585;3;0,3333;TRUE
Maurice Fahey;0,4615;3,3927;13;0,0769;FALSE
xbhivya kmb;0,1818;3,2776;11;0,0909;TRUE
dijrh;0,2;2,3219;5;0;TRUE
Titus Carter;0,3333;3,0221;12;0,0833;FALSE
xqtxlx;0;1,7925;6;0;TRUE
gx kxd;0;2,2516;6;0,1667;TRUE
Bert Douglas;0,3333;3,585;12;0,0833;FALSE
Aurore Shanahan;0,4667;2,9736;15;0,0667;FALSE
Leopoldo McLaughlin;0,3684;3,5766;19;0,0526;FALSE
Vivien Schumm;0,3077;3,2389;13;0,0769;FALSE
Laurie Dibbert;0,4286;3,2359;14;0,0714;FALSE
Mitchel Bahringer;0,2941;3,6169;17;0,0588;FALSE
Francisco Stehr;0,2667;3,5069;15;0,0667;FALSE
cgvl;0;2;4;0;TRUE
ga;0,5;1;2;0;TRUE
l augro;0,4286;2,8074;7;0,1429;TRUE
Gia Johnson;0,3636;3,0958;11;0,0909;FALSE
Mallie Haag;0,4545;2,8454;11;0,0909;FALSE
Libby Sipes;0,2727;2,914;11;0,0909;FALSE
Maggie Bednar;0,3846;3,2389;13;0,0769;FALSE
ijukfgfjsod;0,2727;3,0958;11;0;TRUE
Napoleon Trantow;0,375;3,1556;16;0,0625;FALSE
lgx;0;1,585;3;0;TRUE
bay;0,3333;1,585;3;0;TRUE
hqrpe mb xk;0,0909;3,2776;11;0,1818;TRUE
bqbdbikqtau;0,2727;2,8454;11;0;TRUE
Gene Vandervort;0,3333;3,1899;15;0,0667;FALSE
dljdxxe;0,1429;2,2359;7;0;TRUE
Chaim Reinger;0,3846;3,2389;13;0,0769;FALSE
 loe;0,5;2;4;0,25;TRUE
Adell Hartmann;0,2857;3,182;14;0,0714;FALSE
xbsktrq;0;2,8074;7;0;TRUE
xzsqvqj;0;2,5216;7;0;TRUE
Declan Tillman;0,2857;3,182;14;0,0714;FALSE
Allen McCullough;0,3125;3,25;16;0,0625;FALSE
xcjhxthp i;0,1;2,9219;10;0,1;TRUE
nruoucukexq;0,4545;3,0272;11;0;TRUE
Terrance Rodriguez;0,3889;3,4613;18;0,0556;FALSE
Courtney Skiles;0,3333;3,6402;15;0,0667;FALSE
bglcqh;0;2,585;6;0;TRUE
enqtszf;0,1429;2,8074;7;0;TRUE
pmoono j;0,375;2,4056;8;0,125;TRUE
gobcbr;0,1667;2,2516;6;0;TRUE
zcoqxthjzt ;0,0909;3,0958;11;0,0909;TRUE
Ova Stiedemann;0,4286;3,3788;14;0,0714;FALSE
Mateo Rippin;0,4167;3,2516;12;0,0833;FALSE
Micah Jacobson;0,3571;3,3788;14;0,0714;FALSE
rhea;0,5;2;4;0;TRUE
hszi d;0,1667;2,585;6;0,1667;TRUE
Garett Heidenreich;0,3889;3,281;18;0,0556;FALSE
Prudence Kiehn;0,3571;3,3249;14;0,0714;FALSE
Dorris Hayes;0,3333;3,2516;12;0,0833;FALSE
Heidi Robel;0,4545;3,0958;11;0,0909;FALSE
c ;0;1;2;0,5;TRUE
simhxou;0,4286;2,8074;7;0;TRUE
Kathlyn Berge;0,2308;3,5466;13;0,0769;FALSE
rjsee;0,4;1,9219;5;0;TRUE
as ullp;0,2857;2,5216;7;0,1429;TRUE
urpvkh;0,1667;2,585;6;0;TRUE
Reymundo Howe;0,3846;3,3927;13;0,0769;FALSE
kddnsr;0;2,2516;6;0;TRUE
Winona Schuppe;0,3571;3,5216;14;0,0714;FALSE
Angelo Borer;0,4167;3,085;12;0,0833;FALSE
ntnliuietj;0,4;2,7219;10;0;TRUE
djlzkokxe;0,2222;2,9477;9;0;TRUE
Kayden Hessel;0,3077;3,1808;13;0,0769;FALSE
Glen Heidenreich;0,375;3,125;16;0,0625;FALSE
dsxoakt;0,2857;2,8074;7;0;TRUE
 xsyjq;0;2,585;6;0,1667;TRUE
ptulcxvnlue;0,2727;3,0958;11;0;TRUE
egpo;0,5;2;4;0;TRUE
Jean Hyatt;0,3;2,9219;10;0,1;FALSE
Gregory Hartmann;0,25;3,3278;16;0,0625;FALSE
Fabiola Medhurst;0,375;3,875;16;0,0625;FALSE
Frederick Cruickshank;0,2857;3,5226;21;0,0476;FALSE
ue;1;1;2;0;TRUE
Esta Collins;0,3333;3,2516;12;0,0833;FALSE
baf qxojhma;0,2727;3,2776;11;0,0909;TRUE
nrfrfeinjtq;0,1818;2,914;11;0;TRUE
Randall Cronin;0,2857;3,0391;14;0,0714;FALSE
hijxcevrgex;0,2727;3,0958;11;0;TRUE
Yesenia Walsh;0,3846;3,2389;13;0,0769;FALSE
rxfrn gurhd;0,0909;3,0272;11;0,0909;TRUE
zcylobh;0,1429;2,8074;7;0;TRUE
Selmer Cremin;0,3077;3,027;13;0,0769;FALSE
miyleaj ubq;0,3636;3,4594;11;0,0909;TRUE
ofxjfqg;0,1429;2,5216;7;0;TRUE
Nadia Stehr;0,3636;3,2776;11;0,0909;FALSE
oki;0,6667;1,585;3;0;TRUE
mof;0,3333;1,585;3;0;TRUE
vyybaseqfgv;0,1818;3,0958;11;0;TRUE
Jennyfer Marvin;0,2667;3,3232;15;0,0667;FALSE
mifcxpvz;0,125;3;8;0;TRUE
mhfzsqvo;0,125;3;8;0;TRUE
aannx ;0,3333;1,9183;6;0,1667;TRUE
ozyjvpk;0,1429;2,8074;7;0;TRUE
Sabryna Wisoky;0,2857;3,3788;14;0,0714;FALSE
Era Miller;0,4;2,7219;10;0,1;FALSE
London Thompson;0,2667;3,0566;15;0,0667;FALSE
Janice Bogan;0,4167;3,2516;12;0,0833;FALSE
Emma Wiegand;0,4167;3,085;12;0,0833;FALSE
uehbc;0,4;2,3219;5;0;TRUE
nczbiutbd i;0,2727;3,0958;11;0,0909;TRUE
 ftxfbyt;0;2,5;8;0,125;TRUE
vh cn;0;2,3219;5;0,2;TRUE
Zelda Schaden;0,3077;3,2389;13;0,0769;FALSE
aj lb;0,2;2,3219;5;0,2;TRUE
Adelia Johns;0,4167;3,4183;12;0,0833;FALSE
Mason Botsford;0,2857;3,3249;14;0,0714;FALSE
lokknbip;0,25;2,75;8;0;TRUE
 dmhmy;0;2,2516;6;0,1667;TRUE
sazssmitd;0,2222;2,6416;9;0;TRUE
gumtlfb ;0,125;3;8;0,125;TRUE
Adrian Rodriguez;0,4375;3,3278;16;0,0625;FALSE
Angelo Murphy;0,3077;3,7004;13;0,0769;FALSE
Tremayne Davis;0,3571;3,5216;14;0,0714;FALSE
rmmnno;0,1667;1,9183;6;0;TRUE
tztejiaghpl;0,2727;3,2776;11;0;TRUE
Mustafa Schmitt;0,2667;3,1899;15;0,0667;FALSE
gz;0;1;2;0;TRUE
lbvzgkijj;0,1111;2,9477;9;0;TRUE
Camryn Wiza;0,2727;3,2776;11;0,0909;FALSE
Amos Treutel;0,4167;3,2516;12;0,0833;FALSE
xi;0,5;1;2;0;TRUE
ifsnm;0,2;2,3219;5;0;TRUE
rxoib;0,4;2,3219;5;0;TRUE
pogfv;0,2;2,3219;5;0;TRUE
spqohzk ;0,125;3;8;0,125;TRUE
qj;0;1;2;0;TRUE
fmuc agjqk;0,2;3,3219;10;0,1;TRUE
Brian Bogisich;0,3571;3,3249;14;0,0714;FALSE
qx muqreffg;0,1818;3,0958;11;0,0909;TRUE
Alvis Yost;0,3;3,1219;10;0,1;FALSE
xporh ohyv;0,2;2,9219;10;0,1;TRUE
Wayne O'Kon;0,3636;3,0958;11;0,1818;FALSE
Lisandro Kertzmann;0,2778;3,6835;18;0,0556;FALSE
ido;0,6667;1,585;3;0;TRUE
cno x;0,2;2,3219;5;0,2;TRUE
Osbaldo Robel;0,3846;3,027;13;0,0769;FALSE
Hazle Collier;0,3846;3,1808;13;0,0769;FALSE
ztpz;0;1,5;4;0;TRUE
Jaylan Schultz;0,2143;3,5216;14;0,0714;FALSE
Wilmer Spencer;0,2857;3,3249;14;0,0714;FALSE
dkl;0;1,585;3;0;TRUE
xnc;0;1,585;3;0;TRUE
Kaci Nader;0,4;3,1219;10;0,1;FALSE
insp;0,25;2;4;0;TRUE
fuefyuissp;0,4;2,7219;10;0;TRUE
Susan Jast;0,3;2,6464;10;0,1;FALSE
Rita Gibson;0,3636;3,2776;11;0,0909;FALSE
Sim Anderson;0,3333;3,2516;12;0,0833;FALSE
uu;1;0;2;0;TRUE
Kelley Parker;0,3077;2,8731;13;0,0769;FALSE
vfguflfo;0,25;2,4056;8;0;TRUE
rcchjsvvqu;0,1;2,9219;10;0;TRUE
f jy d;0;2,2516;6;0,3333;TRUE
Rollin Schneider;0,3125;3,375;16;0,0625;FALSE
ainuothj lr;0,3636;3,4594;11;0,0909;TRUE
sqpf;0;2;4;0;TRUE
Nathaniel Windler;0,3529;3,3372;17;0,0588;FALSE
ndlulkxxcoq;0,1818;3,0958;11;0;TRUE
Bertram Donnelly;0,25;3,5;16;0,0625;FALSE
mybku h;0,1429;2,8074;7;0,1429;TRUE
Lucinda Fritsch;0,2667;3,6402;15;0,0667;FALSE
Zachary Larson;0,2857;3,3249;14;0,0714;FALSE
pi;0,5;1;2;0;TRUE
Austin Rice;0,4545;3,2776;11;0,0909;FALSE
Morgan Haag;0,3636;2,8454;11;0,0909;FALSE
hvujkt;0,1667;2,585;6;0;TRUE
vs;0;1;2;0;TRUE
sbiy;0,25;2;4;0;TRUE
Clement Hodkiewicz;0,3333;3,6835;18;0,0556;FALSE
tsrynrdh;0;2,75;8;0;TRUE
baofoj;0,5;2,2516;6;0;TRUE
Amara Hessel;0,4167;2,8554;12;0,0833;FALSE
Emerald Hilll;0,3077;2,9312;13;0,0769;FALSE
Efren Kiehn;0,3636;2,8454;11;0,0909;FALSE
